Model,Embedding,Train_ACC,Train_PRE,Train_SPEC,Train_SENS,Train_F1,Train_MCC,Test_ACC,Test_PRE,Test_SPEC,Test_SENS,Test_F1,Test_MCC
Logistic Regression,RDKit,0.8267,0.7972,0.9381,0.7782,0.7866,0.6987,0.8165,0.7841,0.9349,0.7597,0.7701,0.681
Decision Tree,RDKit,0.9897,0.9947,0.9952,0.9824,0.9883,0.9824,0.8365,0.7852,0.9458,0.7525,0.7674,0.7178
Random Forest,RDKit,0.9897,0.9877,0.9965,0.9894,0.9885,0.9824,0.89,0.8686,0.9615,0.8457,0.8567,0.81
Extra Trees,RDKit,0.9897,0.9947,0.9952,0.9824,0.9883,0.9824,0.8912,0.871,0.961,0.8512,0.8606,0.8115
Gradient Boosting,RDKit,0.9832,0.9833,0.9936,0.9804,0.9818,0.9713,0.885,0.8658,0.9592,0.8354,0.8499,0.8006
AdaBoost,RDKit,0.6815,0.4833,0.8656,0.4169,0.4262,0.3921,0.6878,0.4904,0.8685,0.4257,0.4339,0.4069
XGBoost,RDKit,0.9884,0.9864,0.996,0.9883,0.9873,0.9801,0.8895,0.8702,0.961,0.842,0.8554,0.8086
SVM,RDKit,0.885,0.8643,0.9582,0.8419,0.8517,0.8005,0.8567,0.8326,0.9478,0.7952,0.8118,0.75
Logistic Regression,Morgan FP,0.9734,0.9698,0.9906,0.9688,0.9693,0.9545,0.8079,0.7482,0.9388,0.7281,0.7371,0.6722
Decision Tree,Morgan FP,0.9842,0.9872,0.9935,0.974,0.9804,0.973,0.8508,0.8011,0.9508,0.7822,0.7912,0.7433
Random Forest,Morgan FP,0.9842,0.9806,0.9948,0.9811,0.9808,0.973,0.8797,0.8503,0.9582,0.8289,0.8386,0.7922
Extra Trees,Morgan FP,0.9842,0.9872,0.9935,0.974,0.9804,0.973,0.8805,0.852,0.9588,0.8381,0.8446,0.7939
Gradient Boosting,Morgan FP,0.9468,0.9405,0.9803,0.9334,0.9365,0.9084,0.8651,0.8362,0.9517,0.8003,0.817,0.7652
AdaBoost,Morgan FP,0.6164,0.2004,0.8148,0.2229,0.1929,0.1415,0.616,0.1986,0.8143,0.2215,0.1908,0.1383
XGBoost,Morgan FP,0.9353,0.9221,0.9775,0.9239,0.9225,0.889,0.8704,0.838,0.9548,0.8259,0.8308,0.776
SVM,Morgan FP,0.9399,0.9306,0.9775,0.914,0.9217,0.8964,0.8499,0.8217,0.9441,0.7544,0.7848,0.7358
Logistic Regression,MACCS,0.826,0.7883,0.9373,0.7669,0.7758,0.6966,0.814,0.7705,0.9349,0.743,0.7551,0.6762
Decision Tree,MACCS,0.9678,0.9724,0.9868,0.9529,0.9623,0.9446,0.8533,0.807,0.9493,0.7742,0.7895,0.7451
Random Forest,MACCS,0.9678,0.9656,0.9884,0.9608,0.9631,0.9448,0.885,0.8595,0.9602,0.8349,0.8466,0.8012
Extra Trees,MACCS,0.9678,0.9724,0.9868,0.9529,0.9623,0.9446,0.8858,0.8619,0.9599,0.8356,0.8481,0.8025
Gradient Boosting,MACCS,0.929,0.9202,0.9746,0.9151,0.9174,0.878,0.878,0.8426,0.959,0.8313,0.8367,0.79
AdaBoost,MACCS,0.6585,0.3357,0.8521,0.3176,0.3124,0.3207,0.6592,0.3374,0.8519,0.3159,0.3117,0.3212
XGBoost,MACCS,0.9302,0.9213,0.9748,0.919,0.9198,0.8802,0.883,0.8526,0.9597,0.8369,0.8444,0.7978
SVM,MACCS,0.8838,0.8581,0.9582,0.8454,0.8504,0.799,0.862,0.8254,0.9507,0.8095,0.8158,0.7603
Logistic Regression,Mol2Vec,0.8434,0.8162,0.9428,0.7837,0.7985,0.7265,0.8146,0.7659,0.9341,0.7352,0.7489,0.6757
Decision Tree,Mol2Vec,0.9964,0.9962,0.9986,0.9932,0.9947,0.9939,0.7896,0.6858,0.9305,0.6665,0.6756,0.636
Random Forest,Mol2Vec,0.9964,0.995,0.9988,0.9944,0.9947,0.9939,0.8656,0.8316,0.9529,0.791,0.8096,0.7665
Extra Trees,Mol2Vec,0.9964,0.9962,0.9986,0.9932,0.9947,0.9939,0.8718,0.8401,0.9543,0.8032,0.8204,0.7772
Gradient Boosting,Mol2Vec,0.9927,0.9923,0.9972,0.9895,0.9908,0.9875,0.8654,0.8342,0.9521,0.7875,0.809,0.7658
AdaBoost,Mol2Vec,0.6621,0.4908,0.8563,0.3487,0.3746,0.336,0.6612,0.4827,0.8566,0.3493,0.3749,0.335
XGBoost,Mol2Vec,0.993,0.9915,0.9974,0.9907,0.9911,0.988,0.8732,0.8419,0.9552,0.8085,0.8242,0.78
SVM,Mol2Vec,0.885,0.8714,0.9561,0.8309,0.8486,0.7996,0.8505,0.8246,0.9443,0.7802,0.7994,0.7382
Logistic Regression,ChemBERTa,0.8896,0.8841,0.9601,0.8723,0.8776,0.8093,0.8112,0.7717,0.9349,0.753,0.7613,0.6728
Decision Tree,ChemBERTa,1.0,1.0,1.0,1.0,1.0,1.0,0.7139,0.5955,0.9072,0.5822,0.5883,0.5074
Random Forest,ChemBERTa,1.0,1.0,1.0,1.0,1.0,1.0,0.8202,0.8062,0.9303,0.7093,0.7487,0.6801
Extra Trees,ChemBERTa,1.0,1.0,1.0,1.0,1.0,1.0,0.8185,0.81,0.9282,0.7135,0.7533,0.6765
Gradient Boosting,ChemBERTa,0.9871,0.9912,0.9944,0.9822,0.9866,0.9779,0.8213,0.7937,0.9343,0.7195,0.7508,0.6846
AdaBoost,ChemBERTa,0.6461,0.4742,0.8412,0.3214,0.3326,0.2855,0.6438,0.4552,0.8408,0.3152,0.323,0.2793
XGBoost,ChemBERTa,1.0,1.0,1.0,1.0,1.0,1.0,0.837,0.8157,0.9398,0.7577,0.7833,0.7137
SVM,ChemBERTa,0.9116,0.8992,0.9682,0.8827,0.89,0.8475,0.8505,0.8285,0.9466,0.7886,0.8046,0.7398
BiGRU,RDKit,0.9359,0.9156,0.9819,0.9471,0.9295,0.8942,0.8752,0.8331,0.9627,0.8505,0.8406,0.7912
BiLSTM,RDKit,0.9294,0.9079,0.9813,0.9476,0.925,0.8855,0.8729,0.8319,0.9639,0.8577,0.8425,0.7909
BiGRU,Morgan FP,0.9464,0.9196,0.9845,0.9484,0.9327,0.9103,0.8597,0.7937,0.9596,0.8275,0.8088,0.7668
BiLSTM,Morgan FP,0.9653,0.9447,0.9899,0.9647,0.9543,0.9413,0.8614,0.8025,0.9572,0.8123,0.8072,0.7648
BiGRU,MACCS,0.9159,0.8921,0.9755,0.9264,0.9068,0.8613,0.8654,0.8163,0.9608,0.8408,0.8269,0.7763
BiLSTM,MACCS,0.9085,0.883,0.9744,0.9236,0.899,0.8512,0.8696,0.83,0.963,0.857,0.8398,0.786
BiGRU,Mol2Vec,0.939,0.9181,0.9817,0.939,0.9279,0.8977,0.8583,0.8108,0.9564,0.8252,0.8174,0.7613
BiLSTM,Mol2Vec,0.9402,0.9154,0.983,0.9476,0.9301,0.9006,0.8592,0.8102,0.9575,0.8346,0.821,0.7645
BiGRU,ChemBERTa,0.9525,0.9327,0.9866,0.9573,0.944,0.9206,0.8513,0.7994,0.9541,0.8094,0.8029,0.7482
BiLSTM,ChemBERTa,0.9393,0.9185,0.9828,0.9442,0.9296,0.8992,0.8356,0.7863,0.9488,0.7947,0.7886,0.7227
